Workbook

Sheet 使い方
B2: 訪問看護 指示書・提供表 突合管理表
B3: 訪問看護ステーション デイジー読谷
B5: 対象シート | C5: 内容
B6: ① 指示書期限管理 | C6: 訪問看護指示書・精神科訪問看護指示書・特別訪問看護指示書の有効期間を一元管理し、更新時期を自動判定します。
B7: ② 上限額管理表 | C7: 区分支給限度基準額（介護保険）に対する各事業所の給付実績を集計し、超過の有無を自動判定します。
B8: ③ 提供表・ケアプラン突合 | C8: 月次で、ケアプランへの位置付け・サービス提供票受領・実績件数の差異をチェックします。
B10: 入力ルール
B11: 黄色セル | C11: 手入力する項目です（日付・氏名・件数など）。
B12: 白色セル（数式） | C12: 自動計算されるため編集しないでください。
B13: 残り日数・ステータス・判定列 | C13: 本日の日付（PC/表計算ソフトの現在日時）を基準に自動更新されます。
B14: プルダウン列 | C14: セルをクリックすると選択肢が表示されます。
B16: 各シートの1行目はサンプル行です。内容を確認のうえ、ご自身のデータに置き換えるか、下に行を追加してください。

Sheet 指示書期限管理
A1: ① 指示書 期限管理表
A2: 指示期間の終了日を基準に、更新時期を自動判定します。黄色セルのみ入力してください。
A4: 利用者名 | B4: 指示書種類 | C4: 交付日 | D4: 開始日 | E4: 終了日 | F4: 残り日数 | G4: ステータス | H4: 次回依頼目安日 | I4: 依頼送付日 | J4: 受領日 | K4: 備考 | L4: 保険種別 | M4: 上限額対象
A5: 山田花子（サンプル） | B5: 訪問看護指示書 | C5: 2026-07-01 | D5: 2026-08-01 | E5: 2027-01-31 | F5: =IF(E5="","",E5-TODAY()) -> 158 | G5: =IF(E5="","",IF(F5<0,"期限切れ",IF(F5<=30,"要更新(30日以内)",IF(F5<=60,"依頼準備","有効")))) -> 有効 | H5: =IF(E5="","",E5-45) -> 46373 | I5: 2026-07-05 | J5: 2026-07-20 | K5: 継続依頼予定
A6: 大城秀雄 | B6: 訪問看護指示書 | C6: 46252 | D6: 46252 | E6: 46435 | F6: =IF(E6="","",E6-TODAY()) -> 175 | G6: =IF(E6="","",IF(F6<0,"期限切れ",IF(F6<=30,"要更新(30日以内)",IF(F6<=60,"依頼準備","有効")))) -> 有効 | H6: =IF(E6="","",E6-45) -> 46390 | K6: 継続依頼予定
A7: 佐久川道子 | B7: 訪問看護指示書 | C7: 46255 | D7: 46255 | E7: 46265 | F7: =IF(E7="","",E7-TODAY()) -> 5 | G7: =IF(E7="","",IF(F7<0,"期限切れ",IF(F7<=30,"要更新(30日以内)",IF(F7<=60,"依頼準備","有効")))) -> 要更新(30日以内) | H7: =IF(E7="","",E7-45) -> 46220 | K7: 継続依頼予定
F8: =IF(E8="","",E8-TODAY()) | G8: =IF(E8="","",IF(F8<0,"期限切れ",IF(F8<=30,"要更新(30日以内)",IF(F8<=60,"依頼準備","有効")))) | H8: =IF(E8="","",E8-45)
F9: =IF(E9="","",E9-TODAY()) | G9: =IF(E9="","",IF(F9<0,"期限切れ",IF(F9<=30,"要更新(30日以内)",IF(F9<=60,"依頼準備","有効")))) | H9: =IF(E9="","",E9-45)
F10: =IF(E10="","",E10-TODAY()) | G10: =IF(E10="","",IF(F10<0,"期限切れ",IF(F10<=30,"要更新(30日以内)",IF(F10<=60,"依頼準備","有効")))) | H10: =IF(E10="","",E10-45)
F11: =IF(E11="","",E11-TODAY()) | G11: =IF(E11="","",IF(F11<0,"期限切れ",IF(F11<=30,"要更新(30日以内)",IF(F11<=60,"依頼準備","有効")))) | H11: =IF(E11="","",E11-45)
F12: =IF(E12="","",E12-TODAY()) | G12: =IF(E12="","",IF(F12<0,"期限切れ",IF(F12<=30,"要更新(30日以内)",IF(F12<=60,"依頼準備","有効")))) | H12: =IF(E12="","",E12-45)
F13: =IF(E13="","",E13-TODAY()) | G13: =IF(E13="","",IF(F13<0,"期限切れ",IF(F13<=30,"要更新(30日以内)",IF(F13<=60,"依頼準備","有効")))) | H13: =IF(E13="","",E13-45)
F14: =IF(E14="","",E14-TODAY()) | G14: =IF(E14="","",IF(F14<0,"期限切れ",IF(F14<=30,"要更新(30日以内)",IF(F14<=60,"依頼準備","有効")))) | H14: =IF(E14="","",E14-45)
F15: =IF(E15="","",E15-TODAY()) | G15: =IF(E15="","",IF(F15<0,"期限切れ",IF(F15<=30,"要更新(30日以内)",IF(F15<=60,"依頼準備","有効")))) | H15: =IF(E15="","",E15-45)
F16: =IF(E16="","",E16-TODAY()) | G16: =IF(E16="","",IF(F16<0,"期限切れ",IF(F16<=30,"要更新(30日以内)",IF(F16<=60,"依頼準備","有効")))) | H16: =IF(E16="","",E16-45)
F17: =IF(E17="","",E17-TODAY()) | G17: =IF(E17="","",IF(F17<0,"期限切れ",IF(F17<=30,"要更新(30日以内)",IF(F17<=60,"依頼準備","有効")))) | H17: =IF(E17="","",E17-45)
F18: =IF(E18="","",E18-TODAY()) | G18: =IF(E18="","",IF(F18<0,"期限切れ",IF(F18<=30,"要更新(30日以内)",IF(F18<=60,"依頼準備","有効")))) | H18: =IF(E18="","",E18-45)
F19: =IF(E19="","",E19-TODAY()) | G19: =IF(E19="","",IF(F19<0,"期限切れ",IF(F19<=30,"要更新(30日以内)",IF(F19<=60,"依頼準備","有効")))) | H19: =IF(E19="","",E19-45)
... F24: =IF(E24="","",E24-TODAY()) | G24: =IF(E24="","",IF(F24<0,"期限切れ",IF(F24<=30,"要更新(30日以内)",IF(F24<=60,"依頼準備","有効")))) | H24: =IF(E24="","",E24-45)

Sheet 上限額管理表
A1: ② 上限管理表
A2: 自事業所が上限管理事業者になっている利用者について、他事業所分も含めた給付単位数を集計します。
A3: 対象年月 | B3: 46258 | C3: 実際の年月 | D3: =TODAY() -> 46260 | E3: 地域単価（円/単位） | F3: 10
A4: 利用者名 | B4: 指定難病上限額 | C4: 自立支援医療上限額 | D4: 訪問看護 医療費総額 | E4: 他事業所① | F4: 自己負担額① | G4: 他事業所② | H4: 自己負担額② | I4: 他事業所③ | J4: 自己負担額③ | K4: 訪問看護 自己負担額 | L4: 自己負担の合計 | M4: 限度額との差 | N4: 判定
A5: 山田花子（サンプル） | B5: 20000 | D5: 5200 | E5: デイサービスひまわり | F5: 12000 | G5: 福祉用具レンタル○○ | H5: 3000 | K5: =IF(A5="","", MAX(0, MAX(B5,C5) - SUM(F5,H5,J5))) -> 5000 | L5: =IF(A5="","", SUM(F5,H5,J5) + K5) -> 20000 | M5: =IF(A5="","", MAX(B5,C5) - L5) -> 0 | N5: =IF(A5="","", IF(M5<0, "超過", "範囲内")) -> 範囲内
K6: =IF(A6="","", MAX(0, MAX(B6,C6) - SUM(F6,H6,J6))) | L6: =IF(A6="","", SUM(F6,H6,J6) + K6) | M6: =IF(A6="","", MAX(B6,C6) - L6) | N6: =IF(A6="","", IF(M6<0, "超過", "範囲内"))
K7: =IF(A7="","", MAX(0, MAX(B7,C7) - SUM(F7,H7,J7))) | L7: =IF(A7="","", SUM(F7,H7,J7) + K7) | M7: =IF(A7="","", MAX(B7,C7) - L7) | N7: =IF(A7="","", IF(M7<0, "超過", "範囲内"))
K8: =IF(A8="","", MAX(0, MAX(B8,C8) - SUM(F8,H8,J8))) | L8: =IF(A8="","", SUM(F8,H8,J8) + K8) | M8: =IF(A8="","", MAX(B8,C8) - L8) | N8: =IF(A8="","", IF(M8<0, "超過", "範囲内"))
K9: =IF(A9="","", MAX(0, MAX(B9,C9) - SUM(F9,H9,J9))) | L9: =IF(A9="","", SUM(F9,H9,J9) + K9) | M9: =IF(A9="","", MAX(B9,C9) - L9) | N9: =IF(A9="","", IF(M9<0, "超過", "範囲内"))
K10: =IF(A10="","", MAX(0, MAX(B10,C10) - SUM(F10,H10,J10))) | L10: =IF(A10="","", SUM(F10,H10,J10) + K10) | M10: =IF(A10="","", MAX(B10,C10) - L10) | N10: =IF(A10="","", IF(M10<0, "超過", "範囲内"))
K11: =IF(A11="","", MAX(0, MAX(B11,C11) - SUM(F11,H11,J11))) | L11: =IF(A11="","", SUM(F11,H11,J11) + K11) | M11: =IF(A11="","", MAX(B11,C11) - L11) | N11: =IF(A11="","", IF(M11<0, "超過", "範囲内"))
K12: =IF(A12="","", MAX(0, MAX(B12,C12) - SUM(F12,H12,J12))) | L12: =IF(A12="","", SUM(F12,H12,J12) + K12) | M12: =IF(A12="","", MAX(B12,C12) - L12) | N12: =IF(A12="","", IF(M12<0, "超過", "範囲内"))
K13: =IF(A13="","", MAX(0, MAX(B13,C13) - SUM(F13,H13,J13))) | L13: =IF(A13="","", SUM(F13,H13,J13) + K13) | M13: =IF(A13="","", MAX(B13,C13) - L13) | N13: =IF(A13="","", IF(M13<0, "超過", "範囲内"))
K14: =IF(A14="","", MAX(0, MAX(B14,C14) - SUM(F14,H14,J14))) | L14: =IF(A14="","", SUM(F14,H14,J14) + K14) | M14: =IF(A14="","", MAX(B14,C14) - L14) | N14: =IF(A14="","", IF(M14<0, "超過", "範囲内"))
K15: =IF(A15="","", MAX(0, MAX(B15,C15) - SUM(F15,H15,J15))) | L15: =IF(A15="","", SUM(F15,H15,J15) + K15) | M15: =IF(A15="","", MAX(B15,C15) - L15) | N15: =IF(A15="","", IF(M15<0, "超過", "範囲内"))
K16: =IF(A16="","", MAX(0, MAX(B16,C16) - SUM(F16,H16,J16))) | L16: =IF(A16="","", SUM(F16,H16,J16) + K16) | M16: =IF(A16="","", MAX(B16,C16) - L16) | N16: =IF(A16="","", IF(M16<0, "超過", "範囲内"))
K17: =IF(A17="","", MAX(0, MAX(B17,C17) - SUM(F17,H17,J17))) | L17: =IF(A17="","", SUM(F17,H17,J17) + K17) | M17: =IF(A17="","", MAX(B17,C17) - L17) | N17: =IF(A17="","", IF(M17<0, "超過", "範囲内"))
... K30: =IF(A30="","", MAX(0, MAX(B30,C30) - SUM(F30,H30,J30))) | L30: =IF(A30="","", SUM(F30,H30,J30) + K30) | M30: =IF(A30="","", MAX(B30,C30) - L30) | N30: =IF(A30="","", IF(M30<0, "超過", "範囲内"))

Sheet 提供表・ケアプラン突合
A1: ③ サービス提供票・ケアプラン 突合チェック（月次）
A2: ケアプランへの位置付けと提供票の受領有無、ケアプラン目標期限を確認します（件数入力は不要です）。
A4: 対象年月 | B4: 利用者名 | C4: ケアプランに 訪問看護明記 | D4: 提供票 受領日 | E4: 対応状況 | F4: 確認者 | G4: 確認日 | H4: ケアプラン 短期目標期限 | I4: ケアプラン 長期目標期限
A5: 2026-08 | B5: 山田花子（サンプル） | C5: ○ | D5: 2026-07-25 | E5: 解消済 | F5: 比嘉 | G5: 2026-08-05 | H5: 2026-08-06 | I5: 2026-08-07

Sheet アラートまとめ
A1: 総合アラートダッシュボード
A2: 各書類の不備や期限切れなどのアラート状況を一覧で確認できます。
A4: 利用者名 | B4: 指示書ステータス | C4: 上限額超過 | D4: 提供票未受領 | E4: ケアプラン短期目標 | F4: ケアプラン長期目標
A5: =IF(指示書期限管理!A5="","",SUBSTITUTE(SUBSTITUTE(指示書期限管理!A5,"さま",""),"（サンプル）","")) -> 山田花子 | B5: =IF($A5="","",指示書期限管理!G5) -> 有効 | C5: =IF($A5="","",IF(指示書期限管理!M5="不要","対象外",IFERROR(VLOOKUP(指示書期限管理!A5,上限額管理表!$A:$N,14,FALSE()),"未登録"))) -> 範囲内 | D5: =IF($A5="","",IF(指示書期限管理!L5="医療保険","対象外",IFERROR(IF(LEN(VLOOKUP(指示書期限管理!A5,提供表・ケアプラン突合!$B:$D,3,FALSE()))=0,"未受領","受領済"),"未登録"))) -> 受領済 | E5: =IF($A5="","",IF(指示書期限管理!L5="医療保険","対象外",IFERROR(IF(LEN(VLOOKUP(指示書期限管理!A5,提供表・ケアプラン突合!$B:$I,7,FALSE()))=0,"未登録",IF(VLOOKUP(指示書期限管理!A5,提供表・ケアプラン突合!$B:$I,7,FALSE())<TODAY(),"期限切れ","有効")),"未登録"))) -> 有効 | F5: =IF($A5="","",IF(指示書期限管理!L5="医療保険","対象外",IFERROR(IF(LEN(VLOOKUP(指示書期限管理!A5,提供表・ケアプラン突合!$B:$I,8,FALSE()))=0,"未登録",IF(VLOOKUP(指示書期限管理!A5,提供表・ケアプラン突合!$B:$I,8,FALSE())<TODAY(),"期限切れ","有効")),"未登録"))) -> 有効
A6: =IF(指示書期限管理!A6="","",SUBSTITUTE(SUBSTITUTE(指示書期限管理!A6,"さま",""),"（サンプル）","")) -> 大城秀雄 | B6: =IF($A6="","",指示書期限管理!G6) -> 有効 | C6: =IF($A6="","",IF(指示書期限管理!M6="不要","対象外",IFERROR(VLOOKUP(指示書期限管理!A6,上限額管理表!$A:$N,14,FALSE()),"未登録"))) -> 未登録 | D6: =IF($A6="","",IF(指示書期限管理!L6="医療保険","対象外",IFERROR(IF(LEN(VLOOKUP(指示書期限管理!A6,提供表・ケアプラン突合!$B:$D,3,FALSE()))=0,"未受領","受領済"),"未登録"))) -> 未登録 | E6: =IF($A6="","",IF(指示書期限管理!L6="医療保険","対象外",IFERROR(IF(LEN(VLOOKUP(指示書期限管理!A6,提供表・ケアプラン突合!$B:$I,7,FALSE()))=0,"未登録",IF(VLOOKUP(指示書期限管理!A6,提供表・ケアプラン突合!$B:$I,7,FALSE())<TODAY(),"期限切れ","有効")),"未登録"))) -> 未登録 | F6: =IF($A6="","",IF(指示書期限管理!L6="医療保険","対象外",IFERROR(IF(LEN(VLOOKUP(指示書期限管理!A6,提供表・ケアプラン突合!$B:$I,8,FALSE()))=0,"未登録",IF(VLOOKUP(指示書期限管理!A6,提供表・ケアプラン突合!$B:$I,8,FALSE())<TODAY(),"期限切れ","有効")),"未登録"))) -> 未登録
A7: =IF(指示書期限管理!A7="","",SUBSTITUTE(SUBSTITUTE(指示書期限管理!A7,"さま",""),"（サンプル）","")) -> 佐久川道子 | B7: =IF($A7="","",指示書期限管理!G7) -> 要更新(30日以内) | C7: =IF($A7="","",IF(指示書期限管理!M7="不要","対象外",IFERROR(VLOOKUP(指示書期限管理!A7,上限額管理表!$A:$N,14,FALSE()),"未登録"))) -> 未登録 | D7: =IF($A7="","",IF(指示書期限管理!L7="医療保険","対象外",IFERROR(IF(LEN(VLOOKUP(指示書期限管理!A7,提供表・ケアプラン突合!$B:$D,3,FALSE()))=0,"未受領","受領済"),"未登録"))) -> 未登録 | E7: =IF($A7="","",IF(指示書期限管理!L7="医療保険","対象外",IFERROR(IF(LEN(VLOOKUP(指示書期限管理!A7,提供表・ケアプラン突合!$B:$I,7,FALSE()))=0,"未登録",IF(VLOOKUP(指示書期限管理!A7,提供表・ケアプラン突合!$B:$I,7,FALSE())<TODAY(),"期限切れ","有効")),"未登録"))) -> 未登録 | F7: =IF($A7="","",IF(指示書期限管理!L7="医療保険","対象外",IFERROR(IF(LEN(VLOOKUP(指示書期限管理!A7,提供表・ケアプラン突合!$B:$I,8,FALSE()))=0,"未登録",IF(VLOOKUP(指示書期限管理!A7,提供表・ケアプラン突合!$B:$I,8,FALSE())<TODAY(),"期限切れ","有効")),"未登録"))) -> 未登録
A8: =IF(指示書期限管理!A8="","",SUBSTITUTE(SUBSTITUTE(指示書期限管理!A8,"さま",""),"（サンプル）","")) | B8: =IF($A8="","",指示書期限管理!G8) | C8: =IF($A8="","",IF(指示書期限管理!M8="不要","対象外",IFERROR(VLOOKUP(指示書期限管理!A8,上限額管理表!$A:$N,14,FALSE()),"未登録"))) | D8: =IF($A8="","",IF(指示書期限管理!L8="医療保険","対象外",IFERROR(IF(LEN(VLOOKUP(指示書期限管理!A8,提供表・ケアプラン突合!$B:$D,3,FALSE()))=0,"未受領","受領済"),"未登録"))) | E8: =IF($A8="","",IF(指示書期限管理!L8="医療保険","対象外",IFERROR(IF(LEN(VLOOKUP(指示書期限管理!A8,提供表・ケアプラン突合!$B:$I,7,FALSE()))=0,"未登録",IF(VLOOKUP(指示書期限管理!A8,提供表・ケアプラン突合!$B:$I,7,FALSE())<TODAY(),"期限切れ","有効")),"未登録"))) | F8: =IF($A8="","",IF(指示書期限管理!L8="医療保険","対象外",IFERROR(IF(LEN(VLOOKUP(指示書期限管理!A8,提供表・ケアプラン突合!$B:$I,8,FALSE()))=0,"未登録",IF(VLOOKUP(指示書期限管理!A8,提供表・ケアプラン突合!$B:$I,8,FALSE())<TODAY(),"期限切れ","有効")),"未登録")))
A9: =IF(指示書期限管理!A9="","",SUBSTITUTE(SUBSTITUTE(指示書期限管理!A9,"さま",""),"（サンプル）","")) | B9: =IF($A9="","",指示書期限管理!G9) | C9: =IF($A9="","",IF(指示書期限管理!M9="不要","対象外",IFERROR(VLOOKUP(指示書期限管理!A9,上限額管理表!$A:$N,14,FALSE()),"未登録"))) | D9: =IF($A9="","",IF(指示書期限管理!L9="医療保険","対象外",IFERROR(IF(LEN(VLOOKUP(指示書期限管理!A9,提供表・ケアプラン突合!$B:$D,3,FALSE()))=0,"未受領","受領済"),"未登録"))) | E9: =IF($A9="","",IF(指示書期限管理!L9="医療保険","対象外",IFERROR(IF(LEN(VLOOKUP(指示書期限管理!A9,提供表・ケアプラン突合!$B:$I,7,FALSE()))=0,"未登録",IF(VLOOKUP(指示書期限管理!A9,提供表・ケアプラン突合!$B:$I,7,FALSE())<TODAY(),"期限切れ","有効")),"未登録"))) | F9: =IF($A9="","",IF(指示書期限管理!L9="医療保険","対象外",IFERROR(IF(LEN(VLOOKUP(指示書期限管理!A9,提供表・ケアプラン突合!$B:$I,8,FALSE()))=0,"未登録",IF(VLOOKUP(指示書期限管理!A9,提供表・ケアプラン突合!$B:$I,8,FALSE())<TODAY(),"期限切れ","有効")),"未登録")))
A10: =IF(指示書期限管理!A10="","",SUBSTITUTE(SUBSTITUTE(指示書期限管理!A10,"さま",""),"（サンプル）","")) | B10: =IF($A10="","",指示書期限管理!G10) | C10: =IF($A10="","",IF(指示書期限管理!M10="不要","対象外",IFERROR(VLOOKUP(指示書期限管理!A10,上限額管理表!$A:$N,14,FALSE()),"未登録"))) | D10: =IF($A10="","",IF(指示書期限管理!L10="医療保険","対象外",IFERROR(IF(LEN(VLOOKUP(指示書期限管理!A10,提供表・ケアプラン突合!$B:$D,3,FALSE()))=0,"未受領","受領済"),"未登録"))) | E10: =IF($A10="","",IF(指示書期限管理!L10="医療保険","対象外",IFERROR(IF(LEN(VLOOKUP(指示書期限管理!A10,提供表・ケアプラン突合!$B:$I,7,FALSE()))=0,"未登録",IF(VLOOKUP(指示書期限管理!A10,提供表・ケアプラン突合!$B:$I,7,FALSE())<TODAY(),"期限切れ","有効")),"未登録"))) | F10: =IF($A10="","",IF(指示書期限管理!L10="医療保険","対象外",IFERROR(IF(LEN(VLOOKUP(指示書期限管理!A10,提供表・ケアプラン突合!$B:$I,8,FALSE()))=0,"未登録",IF(VLOOKUP(指示書期限管理!A10,提供表・ケアプラン突合!$B:$I,8,FALSE())<TODAY(),"期限切れ","有効")),"未登録")))
A11: =IF(指示書期限管理!A11="","",SUBSTITUTE(SUBSTITUTE(指示書期限管理!A11,"さま",""),"（サンプル）","")) | B11: =IF($A11="","",指示書期限管理!G11) | C11: =IF($A11="","",IF(指示書期限管理!M11="不要","対象外",IFERROR(VLOOKUP(指示書期限管理!A11,上限額管理表!$A:$N,14,FALSE()),"未登録"))) | D11: =IF($A11="","",IF(指示書期限管理!L11="医療保険","対象外",IFERROR(IF(LEN(VLOOKUP(指示書期限管理!A11,提供表・ケアプラン突合!$B:$D,3,FALSE()))=0,"未受領","受領済"),"未登録"))) | E11: =IF($A11="","",IF(指示書期限管理!L11="医療保険","対象外",IFERROR(IF(LEN(VLOOKUP(指示書期限管理!A11,提供表・ケアプラン突合!$B:$I,7,FALSE()))=0,"未登録",IF(VLOOKUP(指示書期限管理!A11,提供表・ケアプラン突合!$B:$I,7,FALSE())<TODAY(),"期限切れ","有効")),"未登録"))) | F11: =IF($A11="","",IF(指示書期限管理!L11="医療保険","対象外",IFERROR(IF(LEN(VLOOKUP(指示書期限管理!A11,提供表・ケアプラン突合!$B:$I,8,FALSE()))=0,"未登録",IF(VLOOKUP(指示書期限管理!A11,提供表・ケアプラン突合!$B:$I,8,FALSE())<TODAY(),"期限切れ","有効")),"未登録")))
A12: =IF(指示書期限管理!A12="","",SUBSTITUTE(SUBSTITUTE(指示書期限管理!A12,"さま",""),"（サンプル）","")) | B12: =IF($A12="","",指示書期限管理!G12) | C12: =IF($A12="","",IF(指示書期限管理!M12="不要","対象外",IFERROR(VLOOKUP(指示書期限管理!A12,上限額管理表!$A:$N,14,FALSE()),"未登録"))) | D12: =IF($A12="","",IF(指示書期限管理!L12="医療保険","対象外",IFERROR(IF(LEN(VLOOKUP(指示書期限管理!A12,提供表・ケアプラン突合!$B:$D,3,FALSE()))=0,"未受領","受領済"),"未登録"))) | E12: =IF($A12="","",IF(指示書期限管理!L12="医療保険","対象外",IFERROR(IF(LEN(VLOOKUP(指示書期限管理!A12,提供表・ケアプラン突合!$B:$I,7,FALSE()))=0,"未登録",IF(VLOOKUP(指示書期限管理!A12,提供表・ケアプラン突合!$B:$I,7,FALSE())<TODAY(),"期限切れ","有効")),"未登録"))) | F12: =IF($A12="","",IF(指示書期限管理!L12="医療保険","対象外",IFERROR(IF(LEN(VLOOKUP(指示書期限管理!A12,提供表・ケアプラン突合!$B:$I,8,FALSE()))=0,"未登録",IF(VLOOKUP(指示書期限管理!A12,提供表・ケアプラン突合!$B:$I,8,FALSE())<TODAY(),"期限切れ","有効")),"未登録")))
A13: =IF(指示書期限管理!A13="","",SUBSTITUTE(SUBSTITUTE(指示書期限管理!A13,"さま",""),"（サンプル）","")) | B13: =IF($A13="","",指示書期限管理!G13) | C13: =IF($A13="","",IF(指示書期限管理!M13="不要","対象外",IFERROR(VLOOKUP(指示書期限管理!A13,上限額管理表!$A:$N,14,FALSE()),"未登録"))) | D13: =IF($A13="","",IF(指示書期限管理!L13="医療保険","対象外",IFERROR(IF(LEN(VLOOKUP(指示書期限管理!A13,提供表・ケアプラン突合!$B:$D,3,FALSE()))=0,"未受領","受領済"),"未登録"))) | E13: =IF($A13="","",IF(指示書期限管理!L13="医療保険","対象外",IFERROR(IF(LEN(VLOOKUP(指示書期限管理!A13,提供表・ケアプラン突合!$B:$I,7,FALSE()))=0,"未登録",IF(VLOOKUP(指示書期限管理!A13,提供表・ケアプラン突合!$B:$I,7,FALSE())<TODAY(),"期限切れ","有効")),"未登録"))) | F13: =IF($A13="","",IF(指示書期限管理!L13="医療保険","対象外",IFERROR(IF(LEN(VLOOKUP(指示書期限管理!A13,提供表・ケアプラン突合!$B:$I,8,FALSE()))=0,"未登録",IF(VLOOKUP(指示書期限管理!A13,提供表・ケアプラン突合!$B:$I,8,FALSE())<TODAY(),"期限切れ","有効")),"未登録")))
A14: =IF(指示書期限管理!A14="","",SUBSTITUTE(SUBSTITUTE(指示書期限管理!A14,"さま",""),"（サンプル）","")) | B14: =IF($A14="","",指示書期限管理!G14) | C14: =IF($A14="","",IF(指示書期限管理!M14="不要","対象外",IFERROR(VLOOKUP(指示書期限管理!A14,上限額管理表!$A:$N,14,FALSE()),"未登録"))) | D14: =IF($A14="","",IF(指示書期限管理!L14="医療保険","対象外",IFERROR(IF(LEN(VLOOKUP(指示書期限管理!A14,提供表・ケアプラン突合!$B:$D,3,FALSE()))=0,"未受領","受領済"),"未登録"))) | E14: =IF($A14="","",IF(指示書期限管理!L14="医療保険","対象外",IFERROR(IF(LEN(VLOOKUP(指示書期限管理!A14,提供表・ケアプラン突合!$B:$I,7,FALSE()))=0,"未登録",IF(VLOOKUP(指示書期限管理!A14,提供表・ケアプラン突合!$B:$I,7,FALSE())<TODAY(),"期限切れ","有効")),"未登録"))) | F14: =IF($A14="","",IF(指示書期限管理!L14="医療保険","対象外",IFERROR(IF(LEN(VLOOKUP(指示書期限管理!A14,提供表・ケアプラン突合!$B:$I,8,FALSE()))=0,"未登録",IF(VLOOKUP(指示書期限管理!A14,提供表・ケアプラン突合!$B:$I,8,FALSE())<TODAY(),"期限切れ","有効")),"未登録")))
A15: =IF(指示書期限管理!A15="","",SUBSTITUTE(SUBSTITUTE(指示書期限管理!A15,"さま",""),"（サンプル）","")) | B15: =IF($A15="","",指示書期限管理!G15) | C15: =IF($A15="","",IF(指示書期限管理!M15="不要","対象外",IFERROR(VLOOKUP(指示書期限管理!A15,上限額管理表!$A:$N,14,FALSE()),"未登録"))) | D15: =IF($A15="","",IF(指示書期限管理!L15="医療保険","対象外",IFERROR(IF(LEN(VLOOKUP(指示書期限管理!A15,提供表・ケアプラン突合!$B:$D,3,FALSE()))=0,"未受領","受領済"),"未登録"))) | E15: =IF($A15="","",IF(指示書期限管理!L15="医療保険","対象外",IFERROR(IF(LEN(VLOOKUP(指示書期限管理!A15,提供表・ケアプラン突合!$B:$I,7,FALSE()))=0,"未登録",IF(VLOOKUP(指示書期限管理!A15,提供表・ケアプラン突合!$B:$I,7,FALSE())<TODAY(),"期限切れ","有効")),"未登録"))) | F15: =IF($A15="","",IF(指示書期限管理!L15="医療保険","対象外",IFERROR(IF(LEN(VLOOKUP(指示書期限管理!A15,提供表・ケアプラン突合!$B:$I,8,FALSE()))=0,"未登録",IF(VLOOKUP(指示書期限管理!A15,提供表・ケアプラン突合!$B:$I,8,FALSE())<TODAY(),"期限切れ","有効")),"未登録")))
A16: =IF(指示書期限管理!A16="","",SUBSTITUTE(SUBSTITUTE(指示書期限管理!A16,"さま",""),"（サンプル）","")) | B16: =IF($A16="","",指示書期限管理!G16) | C16: =IF($A16="","",IF(指示書期限管理!M16="不要","対象外",IFERROR(VLOOKUP(指示書期限管理!A16,上限額管理表!$A:$N,14,FALSE()),"未登録"))) | D16: =IF($A16="","",IF(指示書期限管理!L16="医療保険","対象外",IFERROR(IF(LEN(VLOOKUP(指示書期限管理!A16,提供表・ケアプラン突合!$B:$D,3,FALSE()))=0,"未受領","受領済"),"未登録"))) | E16: =IF($A16="","",IF(指示書期限管理!L16="医療保険","対象外",IFERROR(IF(LEN(VLOOKUP(指示書期限管理!A16,提供表・ケアプラン突合!$B:$I,7,FALSE()))=0,"未登録",IF(VLOOKUP(指示書期限管理!A16,提供表・ケアプラン突合!$B:$I,7,FALSE())<TODAY(),"期限切れ","有効")),"未登録"))) | F16: =IF($A16="","",IF(指示書期限管理!L16="医療保険","対象外",IFERROR(IF(LEN(VLOOKUP(指示書期限管理!A16,提供表・ケアプラン突合!$B:$I,8,FALSE()))=0,"未登録",IF(VLOOKUP(指示書期限管理!A16,提供表・ケアプラン突合!$B:$I,8,FALSE())<TODAY(),"期限切れ","有効")),"未登録")))
... A30: =IF(指示書期限管理!A30="","",SUBSTITUTE(SUBSTITUTE(指示書期限管理!A30,"さま",""),"（サンプル）","")) | B30: =IF($A30="","",指示書期限管理!G30) | C30: =IF($A30="","",IF(指示書期限管理!M30="不要","対象外",IFERROR(VLOOKUP(指示書期限管理!A30,上限額管理表!$A:$N,14,FALSE()),"未登録"))) | D30: =IF($A30="","",IF(指示書期限管理!L30="医療保険","対象外",IFERROR(IF(LEN(VLOOKUP(指示書期限管理!A30,提供表・ケアプラン突合!$B:$D,3,FALSE()))=0,"未受領","受領済"),"未登録"))) | E30: =IF($A30="","",IF(指示書期限管理!L30="医療保険","対象外",IFERROR(IF(LEN(VLOOKUP(指示書期限管理!A30,提供表・ケアプラン突合!$B:$I,7,FALSE()))=0,"未登録",IF(VLOOKUP(指示書期限管理!A30,提供表・ケアプラン突合!$B:$I,7,FALSE())<TODAY(),"期限切れ","有効")),"未登録"))) | F30: =IF($A30="","",IF(指示書期限管理!L30="医療保険","対象外",IFERROR(IF(LEN(VLOOKUP(指示書期限管理!A30,提供表・ケアプラン突合!$B:$I,8,FALSE()))=0,"未登録",IF(VLOOKUP(指示書期限管理!A30,提供表・ケアプラン突合!$B:$I,8,FALSE())<TODAY(),"期限切れ","有効")),"未登録")))
